{"cameraMode":{"drawMode":0,"name":"Shaded","section":"Shading Mode"},"sceneLighting":false,"audioPlay":false,"sceneViewState":{"showFog":true,"showMaterialUpdate":false,"showSkybox":false,"showFlares":true,"showImageEffects":true,"showParticleSystems":true},"in2DMode":false,"pivot":{"x":0.0,"y":0.8948556184768677,"z":-0.12316007912158966},"rotation":{"x":-0.04340127110481262,"y":0.9512808322906494,"z":-0.2611227333545685,"w":-0.1581118255853653},"size":4.1987433433532719,"orthographic":false}