{"cameraMode":{"drawMode":0,"name":"Shaded","section":"Shading Mode"},"sceneLighting":true,"audioPlay":false,"sceneViewState":{"showFog":true,"showMaterialUpdate":false,"showSkybox":true,"showFlares":true,"showImageEffects":true,"showParticleSystems":true},"in2DMode":false,"pivot":{"x":0.06428925693035126,"y":1.6242183446884156,"z":2.998582601547241},"rotation":{"x":-0.08800124377012253,"y":0.9009488821029663,"z":-0.21704018115997315,"w":-0.36529797315597536},"size":10.022144317626954,"orthographic":false}