{"cameraMode":{"drawMode":0,"name":"Shaded","section":"Shading Mode"},"sceneLighting":true,"audioPlay":false,"sceneViewState":{"showFog":true,"showMaterialUpdate":false,"showSkybox":true,"showFlares":true,"showImageEffects":true,"showParticleSystems":true},"in2DMode":false,"pivot":{"x":0.016746118664741517,"y":0.8009995222091675,"z":0.22947314381599427},"rotation":{"x":0.3134591579437256,"y":-0.6816758513450623,"z":0.4156024158000946,"w":0.5141541361808777},"size":5.232370376586914,"orthographic":true}