{"cameraMode":{"drawMode":0,"name":"Shaded","section":"Shading Mode"},"sceneLighting":false,"audioPlay":false,"sceneViewState":{"showFog":true,"showMaterialUpdate":false,"showSkybox":false,"showFlares":true,"showImageEffects":true,"showParticleSystems":true},"in2DMode":false,"pivot":{"x":0.2073901891708374,"y":0.9205811619758606,"z":0.10026669502258301},"rotation":{"x":-0.003370801219716668,"y":0.9881670475006104,"z":-0.15177111327648164,"w":-0.02194443717598915},"size":5.302202224731445,"orthographic":false}