{"cameraMode":{"drawMode":0,"name":"Shaded","section":"Shading Mode"},"sceneLighting":false,"audioPlay":false,"sceneViewState":{"showFog":true,"showMaterialUpdate":false,"showSkybox":false,"showFlares":true,"showImageEffects":true,"showParticleSystems":true},"in2DMode":false,"pivot":{"x":0.03999999910593033,"y":3.424999952316284,"z":0.03076171875},"rotation":{"x":0.36415839195251467,"y":0.2614409923553467,"z":-0.1072821095585823,"w":0.8874294757843018},"size":11.303727149963379,"orthographic":true}